name,attendance,assignment_average,internal_marks,previous_exam_marks,study_hours,performance_category
Aarav,95,90,88,92,15,High Performance
Diya,92,85,86,89,14,High Performance
Rohan,88,82,80,85,12,High Performance
Ananya,90,78,84,87,13,High Performance
Kabir,85,80,82,83,11,High Performance
Ishita,80,76,75,78,10,Average Performance
Aditya,78,72,74,76,9,Average Performance
Meera,82,70,73,75,9,Average Performance
Rahul,75,68,70,72,8,Average Performance
Sneha,72,65,68,70,8,Average Performance
Kunal,68,60,62,65,7,Average Performance
Pooja,70,62,64,66,7,Average Performance
Vivek,65,58,60,62,6,Low Performance
Neha,60,55,57,58,6,Low Performance
Arjun,58,50,54,55,5,Low Performance
Simran,55,48,52,51,5,Low Performance
Manish,52,45,48,49,4,Low Performance
Priya,50,42,46,47,4,Low Performance
Sahil,48,40,44,45,3,Low Performance
Nisha,45,38,41,42,3,Low Performance
Varun,94,88,90,91,16,High Performance
Tanya,87,84,81,86,13,High Performance
Yash,83,79,78,80,11,High Performance
Aditi,81,77,76,79,10,Average Performance
Mohit,79,74,72,77,9,Average Performance
Kriti,76,71,69,73,8,Average Performance
Deepak,74,67,68,70,7,Average Performance
Riya,71,64,66,68,7,Average Performance
Nitin,69,61,63,64,6,Average Performance
Komal,67,59,61,63,6,Low Performance
Aman,64,56,59,60,5,Low Performance
Shreya,62,53,56,57,5,Low Performance
Ravi,59,49,53,54,4,Low Performance
Payal,57,47,50,52,4,Low Performance
Harsh,54,44,47,50,4,Low Performance
Muskan,51,43,45,48,3,Low Performance
Gaurav,49,41,43,46,3,Low Performance
Isha,47,39,42,44,3,Low Performance
Abhishek,46,37,40,43,2,Low Performance
Sonia,44,36,39,41,2,Low Performance
